Table_Name,ObjectID,NumOID,ImportID,ModelID,Num_ModelID,Structured_Type_ID,Num_Structured_Type_ID,Structured_Type_Name,Number_Data_Elements,Classification_Type,Allow_Type_Substitution,Min_Volume,Expected_Volume,Max_Volume,Growth_Rate_Percents,Growth_Rate_Interval,Normal_Form,Temporary_Object_Scope,Adequately_Normalized,Substitution_Parent,Num_Substitution_Parent,Engineer,Spatial_Table,OID_is_PK,OID_is_User_Defined,Include_Scripts_Into_DDL
"AcademicCareer_T1",8007C8C4-EF58-E8AD-55A7-BFAA3E83A1B7,91,,8E7CDB99-5E37-220E-AEF4-19DCCA76A4D9,90,,,,51,8F527E82-416B-0A1A-D884-FEB9C08DC7D1,Y,0,0,9999999,0,Year,Third,,N,,,Y,N,N,Y,N,
"AcademicGroup_T1",0C049631-E09F-1B0C-C728-7A380654FC13,92,,8E7CDB99-5E37-220E-AEF4-19DCCA76A4D9,90,,,,11,8F527E82-416B-0A1A-D884-FEB9C08DC7D1,Y,0,0,9999999,0,Year,Third,,N,,,Y,N,N,Y,N,
"AcademicOrganization_T1",1A6807F2-EE41-2E83-1417-FDDBD89FB5F1,93,,8E7CDB99-5E37-220E-AEF4-19DCCA76A4D9,90,,,,16,8F527E82-416B-0A1A-D884-FEB9C08DC7D1,Y,0,0,9999999,0,Year,Third,,N,,,Y,N,N,Y,N,
"AcademicPlan_T1",E69F1869-4D7B-342A-4E38-756504B939FD,94,,8E7CDB99-5E37-220E-AEF4-19DCCA76A4D9,90,,,,55,2,Y,0,0,9999999,0,Year,Third,,N,,,Y,N,N,Y,N,
"AcademicProgram_T1",98A08F99-3914-A1B4-17B9-703BD148CD78,95,,8E7CDB99-5E37-220E-AEF4-19DCCA76A4D9,90,,,,103,2,Y,0,0,9999999,0,Year,Third,,N,,,Y,N,N,Y,N,
"AcademicSubplan_T1",A5B29D3B-276C-4DC7-77E7-74B7ACEBF79B,96,,8E7CDB99-5E37-220E-AEF4-19DCCA76A4D9,90,,,,29,2,Y,0,0,9999999,0,Year,Third,,N,,,Y,N,N,Y,N,
"AddressType_T1",1DE089A4-FA4F-F855-2018-47E2092D5827,97,,8E7CDB99-5E37-220E-AEF4-19DCCA76A4D9,90,,,,9,8F527E82-416B-0A1A-D884-FEB9C08DC7D1,Y,0,0,9999999,0,Year,Third,,N,,,Y,N,N,Y,N,
"AdmissionApplication_T1",C2813B92-BD7C-D4D9-394D-1C307D444B98,98,,8E7CDB99-5E37-220E-AEF4-19DCCA76A4D9,90,,,,77,2,Y,0,0,9999999,0,Year,Third,,N,,,Y,N,N,Y,N,
"AdmissionProgress_T1",78CA9723-A53A-59AC-334E-F658F6DE3728,99,,8E7CDB99-5E37-220E-AEF4-19DCCA76A4D9,90,,,,42,2,Y,0,0,9999999,0,Year,Third,,N,,,Y,N,N,Y,N,
"AdmissionProgress_T2",0C7A995E-2D9F-BB49-975D-F3BB7F9CF678,100,,8E7CDB99-5E37-220E-AEF4-19DCCA76A4D9,90,,,,44,2,Y,0,0,9999999,0,Year,Third,,N,,,Y,N,N,Y,N,
"AdmitType_T1",B2127875-7E8B-6F1C-1C78-E02E0C99AC6C,101,,8E7CDB99-5E37-220E-AEF4-19DCCA76A4D9,90,,,,11,2,Y,0,0,9999999,0,Year,Third,,N,,,Y,N,N,Y,N,
"CalendarTerm_T1",9AD7D89D-41D6-F462-501E-32A07CA90CB5,102,,8E7CDB99-5E37-220E-AEF4-19DCCA76A4D9,90,,,,29,8F527E82-416B-0A1A-D884-FEB9C08DC7D1,Y,0,0,9999999,0,Year,Third,,N,,,Y,N,N,Y,N,
"CCPersonalData_T1",78A21F6A-CB9F-0FF5-6574-417EB1D451DA,103,,8E7CDB99-5E37-220E-AEF4-19DCCA76A4D9,90,,,,45,,Y,0,0,9999999,0,Year,Third,,N,,,Y,N,N,Y,N,
"CitizenshipStatus_T1",9DCA07B9-E99B-1D6C-ACB0-32E7372D0AC7,104,,8E7CDB99-5E37-220E-AEF4-19DCCA76A4D9,90,,,,7,,Y,0,0,9999999,0,Year,Third,,N,,,Y,N,N,Y,N,
"Class_T1",EFAE6AF7-D6D0-FD04-AEB9-5351AB2528E0,105,,8E7CDB99-5E37-220E-AEF4-19DCCA76A4D9,90,,,,112,8F527E82-416B-0A1A-D884-FEB9C08DC7D1,Y,0,0,9999999,0,Year,Third,,N,,,Y,N,N,Y,N,
"ClassInstructor_T1",FF737A60-0455-EA11-B7F2-EB0CC92FBCA5,106,,8E7CDB99-5E37-220E-AEF4-19DCCA76A4D9,90,,,,27,,Y,0,0,9999999,0,Year,Third,,N,,,Y,N,N,Y,N,
"Country_T1",F8BD2E09-8A8F-9DF2-4FAE-2A94DB8EECCF,107,,8E7CDB99-5E37-220E-AEF4-19DCCA76A4D9,90,,,,14,,Y,0,0,9999999,0,Year,Third,,N,,,Y,N,N,Y,N,
"DimAddress_T2",2A64D123-62BD-5651-7994-7F73C5CC551D,108,,8E7CDB99-5E37-220E-AEF4-19DCCA76A4D9,90,,,,17,,Y,0,0,9999999,0,Year,Third,,N,,,Y,N,N,Y,N,
"DimClass",D834F567-76BE-8A54-6B5D-7B106ED1710F,109,,8E7CDB99-5E37-220E-AEF4-19DCCA76A4D9,90,,,,29,2,Y,0,0,9999999,0,Year,Third,,N,,,Y,N,N,Y,N,
"DimGrade",94AC9236-EECE-3C4C-FAA5-DBA46B26EA25,110,,8E7CDB99-5E37-220E-AEF4-19DCCA76A4D9,90,,,,12,,Y,0,0,9999999,0,Year,Third,,N,,,Y,N,N,Y,N,
"DimPersonDemographic",5453F6AC-D3CD-D40C-9943-09A4446B1F98,111,,8E7CDB99-5E37-220E-AEF4-19DCCA76A4D9,90,,,,16,,Y,0,0,9999999,0,Year,Third,,N,,,Y,N,N,Y,N,
"DimPersonIdentity",07D111B6-FC19-7EB1-CFDE-1E3C7F6E64AB,112,,8E7CDB99-5E37-220E-AEF4-19DCCA76A4D9,90,,,,14,,Y,0,0,9999999,0,Year,Third,,N,,,Y,N,N,Y,N,
"DimPersonTrackedStudentGroupsTerm",8082E9A3-F3B7-6196-CFF4-8937E6828BB6,113,,8E7CDB99-5E37-220E-AEF4-19DCCA76A4D9,90,,,,16,,Y,0,0,9999999,0,Year,Third,,N,,,Y,N,N,Y,N,
"DimStudentAdmissionApplication",89C77555-6D99-9745-682C-2036D8376FB0,114,,8E7CDB99-5E37-220E-AEF4-19DCCA76A4D9,90,,,,75,,Y,0,0,9999999,0,Year,Third,,N,,,Y,N,N,Y,N,
"DimStudentAdmissionApplicationTerm",0FBE82E0-CCF2-9665-D210-A583D18EF54D,115,,8E7CDB99-5E37-220E-AEF4-19DCCA76A4D9,90,,,,81,,Y,0,0,9999999,0,Year,Third,,N,,,Y,N,N,Y,N,
"DimStudentAdvisor",8398FFED-EF5B-DBFE-CC48-2ACB427AC7E9,116,,8E7CDB99-5E37-220E-AEF4-19DCCA76A4D9,90,,,,36,,Y,0,0,9999999,0,Year,Third,,N,,,Y,N,N,Y,N,
"DimStudentAdvisorTerm",FDB09D88-BFEF-D664-5C5D-603B3D835D1D,117,,8E7CDB99-5E37-220E-AEF4-19DCCA76A4D9,90,,,,42,,Y,0,0,9999999,0,Year,Third,,N,,,Y,N,N,Y,N,
"DimStudentPrimaryAdvisorTerm",87F2A1A6-AAF6-863C-FEB7-74C611E53A06,118,,8E7CDB99-5E37-220E-AEF4-19DCCA76A4D9,90,,,,42,,Y,0,0,9999999,0,Year,Third,,N,,,Y,N,N,Y,N,
"DimStudentPrimaryProgramPlanTerm",943E9288-A316-14CF-870E-243488D680E9,119,,8E7CDB99-5E37-220E-AEF4-19DCCA76A4D9,90,,,,53,,Y,0,0,9999999,0,Year,Third,,N,,,Y,N,N,Y,N,
"dimStudentProgramPlan",C1C235A7-A500-5679-09A1-A4A31685AF3E,120,,8E7CDB99-5E37-220E-AEF4-19DCCA76A4D9,90,,,,48,,Y,0,0,9999999,0,Year,Third,,N,,,Y,N,N,Y,N,
"DimStudentProgramPlanTerm",E1A9BF16-97FB-FBD4-B3C7-815F9B237F46,121,,8E7CDB99-5E37-220E-AEF4-19DCCA76A4D9,90,,,,54,,Y,0,0,9999999,0,Year,Third,,N,,,Y,N,N,Y,N,
"DimStudentResidenceTerm",28CD98D8-7ABB-4DCF-9F0D-B5DA1CA9F5FE,122,,8E7CDB99-5E37-220E-AEF4-19DCCA76A4D9,90,,,,21,,Y,0,0,9999999,0,Year,Third,,N,,,Y,N,N,Y,N,
"DimTerm",57318C2E-7790-141F-C6C2-41125639E2D8,123,,8E7CDB99-5E37-220E-AEF4-19DCCA76A4D9,90,,,,20,,Y,0,0,9999999,0,Year,Third,,N,,,Y,N,N,Y,N,
"EthnicGroup_T1",32B81BC3-5BDF-25AE-3404-AEF989F4AB72,124,,8E7CDB99-5E37-220E-AEF4-19DCCA76A4D9,90,,,,11,,Y,0,0,9999999,0,Year,Third,,N,,,Y,N,N,Y,N,
"EthnicGroupCode_T1",BA8C0172-61F8-D59D-BA5B-492B5C6EDE46,125,,8E7CDB99-5E37-220E-AEF4-19DCCA76A4D9,90,,,,11,,Y,0,0,9999999,0,Year,Third,,N,,,Y,N,N,Y,N,
"ExternalOrganization_T1",CCEEF6F4-C6FE-2CEA-FE3F-483984C32C50,126,,8E7CDB99-5E37-220E-AEF4-19DCCA76A4D9,90,,,,23,,Y,0,0,9999999,0,Year,Third,,N,,,Y,N,N,Y,N,
"ExternalOrganizationAdmin_T1",7400A788-B8C2-109B-F0BC-0F3881C9E9EF,127,,8E7CDB99-5E37-220E-AEF4-19DCCA76A4D9,90,,,,23,,Y,0,0,9999999,0,Year,Third,,N,,,Y,N,N,Y,N,
"ExternalOrganizationLocation_T1",1F46F1F8-0167-3190-9852-EB78AC281078,128,,8E7CDB99-5E37-220E-AEF4-19DCCA76A4D9,90,,,,34,,Y,0,0,9999999,0,Year,Third,,N,,,Y,N,N,Y,N,
"ExtracurricularActivity_T1",AD51173D-A2EC-F47F-4EF6-22E4F3DCB8AD,129,,8E7CDB99-5E37-220E-AEF4-19DCCA76A4D9,90,,,,13,,Y,0,0,9999999,0,Year,Third,,N,,,Y,N,N,Y,N,
"Facility_T1",C1F28C49-20BB-FA10-ACDB-1A0597C64EAE,130,,8E7CDB99-5E37-220E-AEF4-19DCCA76A4D9,90,,,,21,8F527E82-416B-0A1A-D884-FEB9C08DC7D1,Y,0,0,9999999,0,Year,Third,,N,,,Y,N,N,Y,N,
"Grade_T1",9D96D191-D193-CFA0-9695-C7E351FE9235,131,,8E7CDB99-5E37-220E-AEF4-19DCCA76A4D9,90,,,,23,,Y,0,0,9999999,0,Year,Third,,N,,,Y,N,N,Y,N,
"GradeBasis_T1",02CF8CD6-4480-DF6E-48CE-81678425979C,132,,8E7CDB99-5E37-220E-AEF4-19DCCA76A4D9,90,,,,22,,Y,0,0,9999999,0,Year,Third,,N,,,Y,N,N,Y,N,
"GradeRoster_T1",96D46BFF-46CC-41C2-CF0F-A2BB61E08B99,133,,8E7CDB99-5E37-220E-AEF4-19DCCA76A4D9,90,,,,29,,Y,0,0,9999999,0,Year,Third,,N,,,Y,N,N,Y,N,
"GradeRosterType_T1",59F13729-EADF-8C9C-3A0C-7A1B3BD52A49,134,,8E7CDB99-5E37-220E-AEF4-19DCCA76A4D9,90,,,,16,,Y,0,0,9999999,0,Year,Third,,N,,,Y,N,N,Y,N,
"GradeScheme_T1",BEDBFBBC-F0E5-2D7C-1562-95FADE336361,135,,8E7CDB99-5E37-220E-AEF4-19DCCA76A4D9,90,,,,9,,Y,0,0,9999999,0,Year,Third,,N,,,Y,N,N,Y,N,
"InstructorAdvisor_T1",08A01304-AB02-B707-D5BB-3DFA9E3BEB18,136,,8E7CDB99-5E37-220E-AEF4-19DCCA76A4D9,90,,,,14,,Y,0,0,9999999,0,Year,Third,,N,,,Y,N,N,Y,N,
"NameType_T1",F9B3AF15-A210-C386-B4D1-E2E45000C99B,137,,8E7CDB99-5E37-220E-AEF4-19DCCA76A4D9,90,,,,8,,Y,0,0,9999999,0,Year,Third,,N,,,Y,N,N,Y,N,
"Person_T1",6582C8B4-AF10-31F7-8ED8-81DBF669913F,138,,8E7CDB99-5E37-220E-AEF4-19DCCA76A4D9,90,,,,10,,Y,0,0,9999999,0,Year,Third,,N,,,Y,N,N,Y,N,
"PersonAddresses_T1",81C0D82C-310F-7736-A591-D5C17FC9A5AE,139,,8E7CDB99-5E37-220E-AEF4-19DCCA76A4D9,90,,,,34,,Y,0,0,9999999,0,Year,Third,,N,,,Y,N,N,Y,N,
"PersonAddresses_T2",44012700-D545-6FB4-5C7A-441FDE014FE4,140,,8E7CDB99-5E37-220E-AEF4-19DCCA76A4D9,90,,,,37,,Y,0,0,9999999,0,Year,Third,,N,,,Y,N,N,Y,N,
"PersonCitizenship_T1",FACB2B69-D17B-4BCE-F7DE-CBFDAA3D6479,141,,8E7CDB99-5E37-220E-AEF4-19DCCA76A4D9,90,,,,11,,Y,0,0,9999999,0,Year,Third,,N,,,Y,N,N,Y,N,
"PersonEmailAddress_T1",D0A819F1-8FC9-5EB1-F2D6-FCBAEF858EB4,142,,8E7CDB99-5E37-220E-AEF4-19DCCA76A4D9,90,,,,9,,Y,0,0,9999999,0,Year,Third,,N,,,Y,N,N,Y,N,
"PersonEthnicGroup_T1",6DB43B8E-DD4E-C71D-CB3B-CB549B19D647,143,,8E7CDB99-5E37-220E-AEF4-19DCCA76A4D9,90,,,,12,,Y,0,0,9999999,0,Year,Third,,N,,,Y,N,N,Y,N,
"PersonExtracurricularActivity_T2",6D74496D-F027-9631-E523-C0C9A4732301,144,,8E7CDB99-5E37-220E-AEF4-19DCCA76A4D9,90,,,,29,,Y,0,0,9999999,0,Year,Third,,N,,,Y,N,N,Y,N,
"PersonNames_T1",19919CEA-F18F-90AE-8D08-1FEF1119B541,145,,8E7CDB99-5E37-220E-AEF4-19DCCA76A4D9,90,,,,34,,Y,0,0,9999999,0,Year,Third,,N,,,Y,N,N,Y,N,
"PersonStudentGroups_T1",6D3D015C-D587-10F5-508E-931E76CC2A07,146,,8E7CDB99-5E37-220E-AEF4-19DCCA76A4D9,90,,,,17,,Y,0,0,9999999,0,Year,Third,,N,,,Y,N,N,Y,N,
"PersonStudentGroups_T2",0C405377-05BB-CA0F-C7C9-17B045F40ADC,147,,8E7CDB99-5E37-220E-AEF4-19DCCA76A4D9,90,,,,18,,Y,0,0,9999999,0,Year,Third,,N,,,Y,N,N,Y,N,
"PersonTrackedStudentGroups_T2",295ED53B-537C-07D2-D2E9-75948D58FF30,148,,8E7CDB99-5E37-220E-AEF4-19DCCA76A4D9,90,,,,20,,Y,0,0,9999999,0,Year,Third,,N,,,Y,N,N,Y,N,
"PersonVisaPermit_T1",A8F7C115-8C98-7105-318E-5D237DA0F140,149,,8E7CDB99-5E37-220E-AEF4-19DCCA76A4D9,90,,,,21,,Y,0,0,9999999,0,Year,Third,,N,,,Y,N,N,Y,N,
"ProgramAction_T1",0FE475BE-CA42-0143-B741-49289A49DA0B,150,,8E7CDB99-5E37-220E-AEF4-19DCCA76A4D9,90,,,,8,,Y,0,0,9999999,0,Year,Third,,N,,,Y,N,N,Y,N,
"ProgramReason_T1",39C16FD2-07C7-B6AD-4D70-892593D36266,151,,8E7CDB99-5E37-220E-AEF4-19DCCA76A4D9,90,,,,12,,Y,0,0,9999999,0,Year,Third,,N,,,Y,N,N,Y,N,
"ProgressReportGrade_T1",B1B1D2F8-D601-6904-2B71-90E762335DFA,152,,8E7CDB99-5E37-220E-AEF4-19DCCA76A4D9,90,,,,16,,Y,0,0,9999999,0,Year,Third,,N,,,Y,N,N,Y,N,
"ProgressReportRoster_T1",5B416BD2-FA62-4568-150A-3D499176A0BA,153,,8E7CDB99-5E37-220E-AEF4-19DCCA76A4D9,90,,,,14,,Y,0,0,9999999,0,Year,Third,,N,,,Y,N,N,Y,N,
"ReligiousPreference_T1",C3BE7C9A-0E9A-AE35-A70A-204C425C633E,154,,8E7CDB99-5E37-220E-AEF4-19DCCA76A4D9,90,,,,8,,Y,0,0,9999999,0,Year,Third,,N,,,Y,N,N,Y,N,
"Session_T1",4FA66A85-7CD3-5CD1-3397-880B85F3E950,155,,8E7CDB99-5E37-220E-AEF4-19DCCA76A4D9,90,,,,29,8F527E82-416B-0A1A-D884-FEB9C08DC7D1,Y,0,0,9999999,0,Year,Third,,N,,,Y,N,N,Y,N,
"SlateApplication_T1",851BD2A5-2F0A-A81A-9502-5FE0D7AF6B5B,156,,8E7CDB99-5E37-220E-AEF4-19DCCA76A4D9,90,,,,153,,Y,0,0,9999999,0,Year,Third,,N,,,Y,N,N,Y,N,
"State_T1",3825B28D-FF79-4048-7322-AE521AD57A06,157,,8E7CDB99-5E37-220E-AEF4-19DCCA76A4D9,90,,,,9,,Y,0,0,9999999,0,Year,Third,,N,,,Y,N,N,Y,N,
"StudentAcademicPlan_T2",450779BC-2752-AA28-CD24-DF7E08F20A77,158,,8E7CDB99-5E37-220E-AEF4-19DCCA76A4D9,90,,,,37,,Y,0,0,9999999,0,Year,Third,,N,,,Y,N,N,Y,N,
"StudentAcademicProgram_T2",D5949C57-7464-595A-AE01-D4D98214419B,159,,8E7CDB99-5E37-220E-AEF4-19DCCA76A4D9,90,,,,55,,Y,0,0,9999999,0,Year,Third,,N,,,Y,N,N,Y,N,
"StudentAcademicSubplan_T2",832E6C74-F8F3-69B4-3119-D07B9744333C,160,,8E7CDB99-5E37-220E-AEF4-19DCCA76A4D9,90,,,,28,,Y,0,0,9999999,0,Year,Third,,N,,,Y,N,N,Y,N,
"StudentAdvisor_T1",AD6D062A-60B0-6AD2-5781-69FAB9821FBF,161,,8E7CDB99-5E37-220E-AEF4-19DCCA76A4D9,90,,,,24,,Y,0,0,9999999,0,Year,Third,,N,,,Y,N,N,Y,N,
"StudentAdvisor_T2",62966FA8-81AB-A3E0-88E9-5B45B9BD924E,162,,8E7CDB99-5E37-220E-AEF4-19DCCA76A4D9,90,,,,26,,Y,0,0,9999999,0,Year,Third,,N,,,Y,N,N,Y,N,
"StudentCareerTerm_T1",16DF884E-1ADC-6F3C-3A88-A6F3468BBB46,163,,8E7CDB99-5E37-220E-AEF4-19DCCA76A4D9,90,,,,142,,Y,0,0,9999999,0,Year,Third,,N,,,Y,N,N,Y,N,
"StudentEnrollment_T1",309C425A-55B2-16C7-FD28-57461A03FB59,164,,8E7CDB99-5E37-220E-AEF4-19DCCA76A4D9,90,,,,79,,Y,0,0,9999999,0,Year,Third,,N,,,Y,N,N,Y,N,
"StudentGroup_T1",1F0D2D74-49AE-2A7D-64F9-69AFFFA11107,165,,8E7CDB99-5E37-220E-AEF4-19DCCA76A4D9,90,,,,11,,Y,0,0,9999999,0,Year,Third,,N,,,Y,N,N,Y,N,
"StudentGroupCohort_T2",BA603C4D-7FF2-4AAA-809F-5772FD46D263,166,,8E7CDB99-5E37-220E-AEF4-19DCCA76A4D9,90,,,,13,,Y,0,0,9999999,0,Year,Third,,N,,,Y,N,N,Y,N,
"StudyField_T1",DD4D20A2-F643-D138-0589-9BEC72BB5CC9,167,,8E7CDB99-5E37-220E-AEF4-19DCCA76A4D9,90,,,,10,8F527E82-416B-0A1A-D884-FEB9C08DC7D1,Y,0,0,9999999,0,Year,Third,,N,,,Y,N,N,Y,N,
"Subject_T1",BCF4B24F-429F-E07B-1122-5834E0AB60CC,168,,8E7CDB99-5E37-220E-AEF4-19DCCA76A4D9,90,,,,18,8F527E82-416B-0A1A-D884-FEB9C08DC7D1,Y,0,0,9999999,0,Year,Third,,N,,,Y,N,N,Y,N,
"Term_T1",C8895EDF-05D5-0DFC-BFEC-5EA7357D6DF8,169,,8E7CDB99-5E37-220E-AEF4-19DCCA76A4D9,90,,,,35,8F527E82-416B-0A1A-D884-FEB9C08DC7D1,Y,0,0,9999999,0,Year,Third,,N,,,Y,N,N,Y,N,
"TrackedStudentGroupRules",1B3D8EE2-E313-95E8-CB1F-E4E2FB591C9D,170,,8E7CDB99-5E37-220E-AEF4-19DCCA76A4D9,90,,,,13,2,Y,0,0,9999999,0,Year,Third,,N,,,Y,N,N,Y,N,
"TranslateValue_T1",A650F76C-15C6-C3DA-EB03-99E64AB6324E,171,,8E7CDB99-5E37-220E-AEF4-19DCCA76A4D9,90,,,,12,A58AA872-9D3D-81EE-DEA3-6DCA7CE9142D,Y,0,0,9999999,0,Year,Third,,N,,,Y,N,N,Y,N,
"VisaPermit_T1",2C43B831-D643-7E4E-1491-B770CDD697AA,172,,8E7CDB99-5E37-220E-AEF4-19DCCA76A4D9,90,,,,11,2,Y,0,0,9999999,0,Year,Third,,N,,,Y,N,N,Y,N,
